matrícula	nome	idade	renda	cor	sexo	ano_curso	escola	cod_curso	logradouro	numero	bairro	cidade	uf	cep	motivação
RA55000001	Aldelita Dinis	19	339.0	1	2	3	1	3	Rua Major Ari Gomes	118	Vila Mazzei	São Paulo	SP	02309-050	10
RA55000002	Leudo Campelo  Ouro	19	373.0	1	1	3	1	7	Rua Caetano Mero	60	Vila Constança	São Paulo	SP	04658-080	10
RA55000003	Geisemara Gonçalves	19	121.0	1	2	3	1	1	Rua Vinte e Um de Abril	334	Jardim Colibri	São Paulo	SP	04855-620	9
RA55000004	Clislene Cantanhede	19	518.0	1	2	3	1	1	Rua Caetano de Moura	216	Vila Nina	São Paulo	SP	02833-060	10
RA55000005	Apolonia Arantes Ruas Pacheco	19	284.0	1	2	3	1	5	Rua Curruíra	550	Vila Aurora	São Paulo	SP	05186-200	10
RA55000006	Jailan Valverde Natal	19	237.0	1	1	3	1	6	Rua Marcos Freire	579	Jardim Nova Conquista	São Paulo	SP	08346-580	10
RA55000007	Eliane Esparteiro Gorjão Mourato	19	17.0	1	2	3	1	6	Rua Vinte e Dois de Abril	329	Lajeado	São Paulo	SP	08450-420	10
RA55000008	Gesiane Sintra Pederneiras Nolasco	19	512.0	1	2	3	1	5	Rua Quinze de Novembro	803	Cantinho do Céu	São Paulo	SP	04849-527	9
RA55000009	Simael Palhares Borges Garcia	19	516.0	2	1	3	1	9	Rua Duque da Terceira	930	Jardim Maristela	São Paulo	SP	02807-030	10
RA55000010	Dislaine Casalinho Vaz Imperial	19	396.0	1	2	3	1	6	Rua Vinte de Março	315	Jardim Felicidade (Zona Norte)	São Paulo	SP	02326-115	10
RA55000011	Maggy Ramos Da Costa	19	27.0	1	2	3	1	7	Rua Monsenhor Salim	959	Itaim Paulista	São Paulo	SP	08111-180	10
RA55000012	Ketlin Malho Mirandela	19	520.0	2	2	3	1	7	Avenida Duquesa de Goiás	792	Real Parque	São Paulo	SP	05686-900	9
RA55000013	Namara Gago	19	39.0	1	2	3	1	2	Rua Silva Pinto	972	Bom Retiro	São Paulo	SP	01126-010	10
RA55000014	Regiano Pais Sabala Lemos	19	98.0	1	1	3	1	2	Rua Pedro Voss	58	Vila Carrão	São Paulo	SP	03437-000	9
RA55000015	Lucimare Olaio	19	353.0	1	2	3	1	8	Rua Sete de Abril	787	Centro	São Paulo	SP	01044-902	10
RA55000016	Endeson Remígio	19	69.0	1	1	3	1	7	Rua Treze de Maio	917	Cantinho do Céu	São Paulo	SP	04849-650	9
RA55000017	Mateus Sarmento Nóbrega Félix	19	403.0	1	1	3	1	9	Rua João Pais	348	Jardim Petrópolis	São Paulo	SP	04603-904	9
RA55000018	Gleidiane Espírito Santo Marroquim Bulhosa	19	598.0	1	2	3	1	6	Avenida Agami	715	Moema	São Paulo	SP	04522-001	9
RA55000019	Ardilis Cruz Canadas	19	523.0	1	1	3	1	9	Rua Nossa Senhora Aparecida	604	Jardim Felicidade (Zona Norte)	São Paulo	SP	02326-105	9
RA55000020	Dagomar Noleto Caminha Lara	19	733.99	1	1	3	1	9	Rua Capitão Rangel	574	Vila São Geraldo	São Paulo	SP	03607-100	10
RA55000021	Agenor Cartaxo Távora Pessoa	19	1141.99	2	1	3	1	6	Rua Pires de Almeida	58	Vila Pita	São Paulo	SP	02478-130	9
RA55000022	Fabriano Peixoto Mourinho Estrada	19	964.99	1	1	3	1	3	Rua Caetano de Moura	216	Vila Nina	São Paulo	SP	02833-060	9
RA55000023	Denizan Faia	19	989.99	2	1	3	1	7	Rua Capitão Luís Ramos	871	Vila Guilherme	São Paulo	SP	02066-010	9
RA55000024	Luender Belchior	19	914.99	1	1	3	1	5	Rua Almeida Leite	424	Siciliano	São Paulo	SP	05052-080	10
RA55000025	Lucileia Miranda	19	952.99	1	2	3	1	7	Travessa Sete de Setembro	449	Recanto dos Humildes	São Paulo	SP	05209-550	9
RA55000026	Natalie Hipólito Freixo	19	867.99	1	2	3	1	1	Rua São Bruno	741	Jardim São Bento	São Paulo	SP	02525-020	10
RA55000027	Ademor Silva Noronha	19	832.99	1	1	3	1	8	Rua Sargento Paulo Moreira	688	Conjunto Habitacional Marechal Mascarenhas de Morais	São Paulo	SP	03977-160	10
RA55000028	Carlinho Caparica Almeida	19	869.99	2	1	3	1	4	Rua Batista Caetano	419	Aclimação	São Paulo	SP	04108-130	10
RA55000029	Jaclecia Lucena Barcelos	19	611.99	1	2	3	1	5	Rua Duque de Palmela	626	Vila Praia	São Paulo	SP	05750-200	9
RA55000030	Emerson Pádua Baía Nobre	19	1033.99	1	1	3	1	5	Rua Pedro Cubas	738	Piqueri	São Paulo	SP	02913-000	9
RA55000031	Elvia Braga Franqueira Rocha	19	931.99	1	2	3	1	4	Rua Rui Barbosa Lima	441	Vila Curuçá	São Paulo	SP	08030-730	9
RA55000032	Carmos Inês Maior Souto	19	1198.99	1	1	3	1	2	Rua Primeiro de Maio	149	Jardim São Francisco	São Paulo	SP	08390-263	9
RA55000033	Franciso Paiva Cardim Delgado	19	878.99	1	1	3	1	7	Rua Pedro Meira	678	Vila Curuçá	São Paulo	SP	08030-500	9
RA55000034	Gesileide Espírito Santo Barros	19	790.99	1	2	3	1	3	Rua Dom Pedro	498	Jardim Apurá	São Paulo	SP	04470-037	9
RA55000035	Jordelma Xisto	19	1204.99	2	2	3	1	5	Rua Dois de Julho	506	Ipiranga	São Paulo	SP	04215-000	10
RA55000036	Rogue Eanes Madruga Filipe	19	644.99	1	1	3	1	3	Praça Sete de Fevereiro	594	Vila Formosa	São Paulo	SP	03358-020	9
RA55000037	Darcileia Rosado	19	912.99	1	2	3	1	8	Rua C	501	Jardim Santa Cruz (Sacomã)	São Paulo	SP	04182-135	9
RA55000038	Odaise Bettencourt Galvão	19	1031.99	1	2	3	1	4	Rua Silva Pinto	123	Bom Retiro	São Paulo	SP	01126-010	9
RA55000039	Otoniel Paula Cabral Teves	19	1185.99	1	1	3	1	3	Avenida Valle	752	Parque Paulistano	São Paulo	SP	08081-070	10
RA55000040	Jocassio Azenha Varejão	19	764.99	1	1	3	1	4	Rua Marconi	820	Centro	São Paulo	SP	01047-905	10
RA55000041	Miquelle Paião	19	884.99	1	2	3	1	2	Praça Aramã	946	Jardim Nordeste	São Paulo	SP	03691-160	10
RA55000042	Verlandio Vilaverde	19	1133.99	1	1	3	1	7	Praça Sete de Fevereiro	594	Vila Formosa	São Paulo	SP	03358-020	10
RA55000043	Thiers Quirino Lins	19	1138.99	1	1	3	1	8	Rua Marino Pinto	894	Jardim Palmares (Zona Sul)	São Paulo	SP	04457-090	10
RA55000044	Irven Custódio Alencar	19	701.99	1	1	3	1	7	Rua H	161	Jardim Mar Lune	São Paulo	SP	04874-120	10
RA55000045	Abraham Faria Guterres Silveira	19	818.99	1	1	3	1	7	Rua Marechal Deodoro	565	Santo Amaro	São Paulo	SP	04738-900	10
RA55000046	Vardinho Figueiredo Azenha Paz	19	1176.99	1	1	3	1	6	Rua São Marcos	547	Chácara Gaivotas	São Paulo	SP	04849-314	9
RA55000047	Ereneide Reino Negreiros Reino	19	839.99	1	2	3	1	5	Rua H	539	Conjunto Residencial Alpes do Jaraguá	São Paulo	SP	05183-380	9
RA55000048	Elimar Caniça Borja	19	664.99	1	2	3	1	6	Rua Dom João VI	942	Jardim Luzitânia	São Paulo	SP	04032-100	10
RA55000049	Dijalmir Freire Prada Santarém	19	1042.99	1	1	3	1	5	Rua Marechal Marques Porto	22	Jardim Caguassu	São Paulo	SP	03906-020	10
RA55000050	Nalison Fragoso	19	853.99	1	1	3	1	3	Rua Soldado Aristides Gouveia	76	Parque Novo Mundo	São Paulo	SP	02188-090	10
RA55000051	Eli Resende	19	908.99	1	1	3	1	6	Rua Nossa Senhora da Piedade	327	Jardim Francisco Mendes	São Paulo	SP	02366-010	9
RA55000052	Geisamara Machado Rego Varanda	19	629.99	1	2	3	1	2	Rua Aracy de Almeida	997	Jardim Indaiá	São Paulo	SP	08143-010	10
RA55000053	Misleia Leiria Valim Pinheiro	19	925.99	1	2	3	1	7	Rua Pedro Doll	912	Santana	São Paulo	SP	02404-001	9
RA55000054	Rariel Neves Tinoco	19	1110.99	1	1	3	1	9	Avenida Sargento Geraldo Sant'Ana	512	Jardim Taquaral	São Paulo	SP	04674-903	9
RA55000055	Erlane Borja	19	956.99	1	2	3	1	6	Rua H	539	Conjunto Residencial Alpes do Jaraguá	São Paulo	SP	05183-380	10
RA55000056	Arquimino Bulhões Castilhos	19	623.99	1	1	3	1	7	Rua Marechal Silva Fonseca	104	Jardim Três Marias	São Paulo	SP	03676-030	9
RA55000057	Ronigleison Melgaço	19	978.99	1	1	3	1	7	Rua Marcos Liberi	843	Conjunto Residencial José Bonifácio	São Paulo	SP	08253-270	10
RA55000058	Adson Berenguer Fernandes	19	1004.99	2	1	3	1	7	Rua Major Baracca	906	Parque Edu Chaves	São Paulo	SP	02232-000	9
RA55000059	Werton Milheiriço	19	914.99	1	1	3	1	6	Rua Dom João VI	942	Jardim Luzitânia	São Paulo	SP	04032-100	9
RA55000060	Markson Madureira Cantanhede Vilar	19	1159.99	1	1	3	1	3	Rua Vinte e Quatro de Dezembro	633	Vila Dom Pedro II	São Paulo	SP	02241-050	10
RA55000061	Gerson Covilhã	19	905.99	2	1	3	1	5	Rua Marechal Malet	251	Parque da Vila Prudente	São Paulo	SP	03140-020	10
RA55000062	Francislei Penteado	19	1085.99	1	2	3	1	6	Rua Caetano de Moura	216	Vila Nina	São Paulo	SP	02833-060	10
RA55000063	Jaina Pádua	19	1000.99	1	2	3	1	3	Rua João Pujol	954	Vila Dona Sara	São Paulo	SP	03471-020	9
RA55000064	Urubata Toscano Carvalhoso Nolasco	19	629.99	1	1	3	1	4	Rua Vandoma	788	Parque Cocaia	São Paulo	SP	04850-170	9
RA55000065	Luceno Mansilha	19	703.99	1	1	3	1	4	Rua D	297	Jardim Mar Lune	São Paulo	SP	04874-190	10
RA55000066	Nadjara Lucena Alvim Abelho	19	696.99	2	2	3	1	5	Vila Marcolina	134	Parque Vitória	São Paulo	SP	02268-040	10
RA55000067	Mike Fidalgo Mexia	19	1169.99	1	2	3	1	3	Rua Rainha-do-Bosque	864	Vila Santa Inês	São Paulo	SP	03812-030	10
RA55000068	Vilk Abasto Cardim	19	892.99	1	1	3	1	3	Rua Rio de Janeiro	805	Parque Recreio	São Paulo	SP	04891-230	10
RA55000069	Sofia Quintanilha	19	789.99	1	2	3	1	7	Rua Primeiro de Maio	294	Jardim Colibri	São Paulo	SP	04855-630	9
RA55000070	Aieda Jesus Neves Pinho	19	1135.99	1	2	3	1	1	Avenida Marechal Tito	891	Jardim Silva Teles	São Paulo	SP	08160-495	10
RA55000071	Ismario Liberato Marques Lagos	19	1008.99	2	1	3	1	4	Rua 23 de Novembro	929	Vila Progresso (Zona Leste)	São Paulo	SP	08240-001	9
RA55000072	Regenildo Leão Parente	19	1138.99	1	1	3	1	4	Rua Ruiva	987	Brasilândia	São Paulo	SP	02844-110	9
RA55000073	Franciele Úria Pessoa	19	650.99	2	2	3	1	9	Rua Major João Nunes	800	Jardim São Paulo(Zona Norte)	São Paulo	SP	02046-070	10
RA55000074	Wandeley Moreno Palos	19	682.99	1	1	3	1	1	Rua Monsenhor Anacleto	13	Brás	São Paulo	SP	03003-020	10
RA55000075	Ilzanete Coelho Olivares	19	935.99	1	2	3	1	4	Praça M'Boi	904	Butantã	São Paulo	SP	05511-030	10
RA55000076	Arzelinda Cerveira Mondragão	19	673.99	1	2	3	1	7	Rua N	349	Jardim Brasília (Zona Norte)	São Paulo	SP	02857-065	9
RA55000077	Luziema Valente Quina Vasconcelos	19	984.99	1	2	3	1	7	Rua Pedro Barbosa	194	Jardim Marília	São Paulo	SP	03579-130	9
RA55000078	Nagir Camargo Doutel Pescada	19	1024.99	1	1	3	1	4	Praça da Sé	871	Sé	São Paulo	SP	01001-901	9
RA55000079	Shigeki Basílio	19	1072.99	1	1	3	1	2	Rua Major Marcelino	634	Brás	São Paulo	SP	03025-020	9
RA55000080	Gilcinei Coimbra	19	1114.99	1	1	3	1	4	Rua do Buruí	876	Parque Casa de Pedra	São Paulo	SP	02320-170	9
RA55000081	Gislaine Caldeira Lucas	19	1134.99	1	2	3	1	8	Avenida Odila	792	Planalto Paulista	São Paulo	SP	04058-021	9
RA55000082	Luzielen Conceição Atilano	19	883.99	1	2	3	1	5	Rua Marcos Lopes	456	Vila Nova Conceição	São Paulo	SP	04513-080	10
RA55000083	Gesilene Couceiro	19	878.99	1	2	3	1	4	Rua João Pires	702	Mooca	São Paulo	SP	03168-060	9
RA55000084	Claudenisia Xisto Caeiro	19	832.99	1	2	3	1	2	Rua Marechal Deodoro	565	Santo Amaro	São Paulo	SP	04738-900	10
RA55000085	Marilaine Ruas Sodré	19	1180.99	1	2	3	1	7	Rua Caetano Desco	948	Vila Baruel	São Paulo	SP	02523-080	9
RA55000086	Orvina Moita Nóbrega	19	1194.99	1	2	3	1	4	Rua Barão de Suruí	910	Vila Congonhas	São Paulo	SP	04612-120	9
RA55000087	Gleisson Barreira Avelar Zagalo	19	1042.99	1	1	3	1	4	Rua Sargento-Mor Carvalho	794	Cidade Ademar	São Paulo	SP	04405-080	10
RA55000088	Nercila Botica Delgado	19	1183.99	1	2	3	1	6	Rua Silva Pinto	123	Bom Retiro	São Paulo	SP	01126-010	9
RA55000089	Evonio Ponte Mendonça Balsemão	19	1101.99	1	1	3	1	8	Rua São Borja	704	Vila Gustavo	São Paulo	SP	02256-210	10
RA55000090	Janildo Mariz Belchiorinho Onofre	19	845.99	2	1	3	1	3	Praça da Sé	631	Sé	São Paulo	SP	01001-901	10
RA55000091	Jemuel Ventura	19	914.99	2	1	3	1	9	Rua Pedro Cubas	738	Piqueri	São Paulo	SP	02913-000	10
RA55000092	Terciane Rebimbas	19	874.99	1	2	3	1	3	Rua Nossa Senhora da Luz	782	Vila Gustavo	São Paulo	SP	02250-210	9
RA55000093	Jen Pimentel Bicalho	19	890.99	1	1	3	1	8	Rua Vandoma	788	Parque Cocaia	São Paulo	SP	04850-170	9
RA55000094	Jobert Garcia Leite	19	933.99	1	1	3	1	4	Rua João Gomes	306	Jardim Herculano	São Paulo	SP	04920-040	10
RA55000095	Tarita Tristão Amado Dorneles	19	1074.99	1	2	3	1	4	Rua 9 de Setembro	652	Chácara Gaivotas	São Paulo	SP	04849-333	9
RA55000096	Jodna Estrada Feira	19	1206.99	1	2	3	1	1	Rua Nossa Senhora da Penha	823	Penha de França	São Paulo	SP	03632-060	10
RA55000097	Sandeilson Paião Alcântara	19	987.99	1	1	3	1	8	Rua Caetano Pinto	235	Brás	São Paulo	SP	03041-000	9
RA55000098	Shirleni Palha Farinha	19	685.99	1	2	3	1	4	Rua Flor de Maio	247	Parque das Flores	São Paulo	SP	08391-435	10
RA55000099	Kaline Campos Barateiro	19	968.99	1	2	3	1	5	Rua Rui Barbosa Lima	441	Vila Curuçá	São Paulo	SP	08030-730	10
RA55000100	Jurez Pedroso	19	810.99	1	1	3	1	4	Praça M'Boi	654	Butantã	São Paulo	SP	05511-030	9
RA55000101	Ketlin Ferrão	19	940.99	1	2	3	1	3	Rua Sargento-Mor Carvalho	794	Cidade Ademar	São Paulo	SP	04405-080	9
RA55000102	Nazarina Mantas Franca Soeiro	19	781.99	1	2	3	1	9	Praça Elfos	452	Jardim Marajoara	São Paulo	SP	04664-090	10
RA55000103	Severio Rosmaninho Morão	19	815.99	2	1	3	1	1	Rua Carapuruí	62	Alto da Lapa	São Paulo	SP	05059-050	9
RA55000104	Roberti Veríssimo Quina	19	778.99	1	1	3	1	7	Avenida Nove de Julho	947	Jardim Paulista	São Paulo	SP	01406-100	10
RA55000105	Geni Bivar	19	747.99	1	2	3	1	1	Rua Treze de Maio	917	Cantinho do Céu	São Paulo	SP	04849-650	9
RA55000106	Clercio Cerqueira Ouro	19	1162.99	1	1	3	1	4	Rua João Lima	912	Chácara Belenzinho	São Paulo	SP	03381-080	9
RA55000107	Valencia Calçada	19	663.99	1	2	3	1	4	Rua Nossa Senhora da Paz	485	Jardim Almeida	São Paulo	SP	04866-245	9
RA55000108	Raineria Canhão Arantes	19	1121.99	2	2	3	1	8	Viela Vinte e Sete de Setembro	710	Cidade Nova Heliópolis	São Paulo	SP	04235-090	10
RA55000109	Doroti Franqueira Caminha	19	611.99	1	2	3	1	6	Rua Soneto de Agosto	641	Jardim Santa Lucrécia	São Paulo	SP	05185-430	10
RA55000110	Henry Abranches Pereira	19	644.99	1	1	3	1	6	Rua Pedro Voss	58	Vila Carrão	São Paulo	SP	03437-000	10
RA55000111	Andremar Prates	19	823.99	1	1	3	1	2	Rua Sargento Advíncola	568	Parque Mandaqui	São Paulo	SP	02418-130	10
RA55000112	Josoe Temes Caldas	19	1048.99	1	1	3	1	7	Rua Marcos Freire	579	Jardim Nova Conquista	São Paulo	SP	08346-580	9
RA55000113	Florisio Canário Queiroga Berenguer	19	651.99	1	1	3	1	3	Rua Soldado Gentil Guimarães	750	Parque Novo Mundo	São Paulo	SP	02144-010	9
RA55000114	Sedecias Negreiros Eanes Faro	19	985.99	1	1	3	1	4	Rua do Buruí	876	Parque Casa de Pedra	São Paulo	SP	02320-170	10
RA55000115	Neurizan Pinho Ramalho	19	960.99	1	2	3	1	9	Rua Armando Barbosa	42	Jardim Santa Adélia	São Paulo	SP	03974-010	9
RA55000116	Valdezita Covilhã	19	775.99	2	2	3	1	6	Rua Rio de Janeiro	805	Parque Recreio	São Paulo	SP	04891-230	9
RA55000117	Orvino Ulhoa Álvares	19	761.99	1	1	3	1	3	Rua Três de Maio	864	Vila Clementino	São Paulo	SP	04044-020	10
RA55000118	Willon Feitosa Alvarenga	19	1044.99	1	1	3	1	6	Rua A	762	Jardim Santa Cruz (Sacomã)	São Paulo	SP	04182-125	10
RA55000119	Andison Cerqueira	19	1131.99	1	1	3	1	6	Rua Nossa Senhora Aparecida	463	Jardim Elizabeth	São Paulo	SP	08320-800	10
RA55000120	Artila Gravato Garcez	19	1152.99	1	2	3	1	2	Rua Major Boaventura	415	Parque Artur Alvim	São Paulo	SP	03569-030	9
RA55000121	Regislene Trindade Damásio Saraiva	19	1134.99	1	2	3	1	7	Rua Major Boaventura	415	Parque Artur Alvim	São Paulo	SP	03569-030	10
RA55000122	Delian Pimentel Veríssimo 	19	864.99	1	1	3	1	5	Praça Duere	628	Vila Carrão	São Paulo	SP	03445-010	9
RA55000123	Valdoir Ribas Valverde Sítima	19	618.99	1	1	3	1	8	Rua Capitão João Noronha	747	Parque Mandaqui	São Paulo	SP	02418-050	9
RA55000124	Elves Cortesão	19	648.99	1	1	3	1	2	Rua Onofre Pinto	15	Jardim Lajeado	São Paulo	SP	08441-211	9
RA55000125	Martus Narvais	19	660.99	1	1	3	1	4	Rua Capitão Prudente	202	Pinheiros	São Paulo	SP	05422-050	9
RA55000126	Onesto Festas Lamego Viegas	19	928.99	1	1	3	1	2	Rua João Pujol	954	Vila Dona Sara	São Paulo	SP	03471-020	10
RA55000127	Ruberci Gorjão Palha Esteves	19	615.99	2	1	3	1	4	Rua Dom Lino	945	Luz	São Paulo	SP	01103-070	10
RA55000128	Talina Sacramento Melgaço Rodrigues	19	780.99	1	2	3	1	9	Rua Albina Barbosa	289	Aclimação	São Paulo	SP	01530-020	10
RA55000129	Reni Olivares	19	948.99	1	2	3	1	5	Rua Rui Barbosa	229	Bela Vista	São Paulo	SP	01326-010	10
RA55000130	Eliel Torres Anes Valgueiro	19	952.99	1	1	3	1	3	Avenida Ceci	688	Planalto Paulista	São Paulo	SP	04065-004	10
RA55000131	Gilcilea Landim Couto	19	847.99	1	2	3	1	3	Rua São José	272	Chácara Gaivotas	São Paulo	SP	04849-316	9
RA55000132	Jussinei Queiroga Aquino	19	669.99	1	1	3	1	8	Rua Quatro de Agosto	14	Saúde	São Paulo	SP	04053-060	9
RA55000133	Wasley Bragança Taborda	19	1790.98	2	1	3	2	9	Rua São Jorge	214	Recanto Verde do Sol	São Paulo	SP	08382-117	10
RA55000134	John Morais Candal	19	1393.99	1	1	3	1	4	Rua Marcos Lopes	456	Vila Nova Conceição	São Paulo	SP	04513-080	10
RA55000135	Weligton Cavadas Viveiros	19	2220.98	1	1	3	2	1	Rua Duque Costa	420	Vila Sofia	São Paulo	SP	04671-160	9
RA55000136	Diles Vilaverde	19	2063.98	1	1	3	2	4	Rua Pedro Doll	912	Santana	São Paulo	SP	02404-001	9
RA55000137	Leiuson Da Costa Souto Robalinho	19	1436.99	2	1	3	2	8	Rua Nove de Julho	677	Santo Amaro	São Paulo	SP	04739-900	10
RA55000138	Joseclaudio Quinteiro	19	2095.98	1	1	3	2	1	Rua Major Sucupira	301	Vila Firmiano Pinto	São Paulo	SP	04124-050	10
RA55000139	Sheila Mourão Mariz	19	1586.99	1	2	3	2	9	Avenida Nove de Julho	947	Jardim Paulista	São Paulo	SP	01406-100	9
RA55000140	Emir Cascais	19	1975.98	1	1	3	2	9	Rua Barão de Suruí	910	Vila Congonhas	São Paulo	SP	04612-120	9
RA55000141	Mariniza Alpuim Lindim	19	1912.98	1	2	3	2	7	Rua Marechal Malet	251	Parque da Vila Prudente	São Paulo	SP	03140-020	9
RA55000142	Daria Lessa Faia	19	2174.98	2	2	3	1	5	Rua Trio Arquiduque	434	Jardim São Bernardo	São Paulo	SP	04844-520	10
RA55000143	Reigiane Tavares	19	1292.99	1	2	3	2	5	Rua São Bruno	741	Jardim São Bento	São Paulo	SP	02525-020	9
RA55000144	Derlis Macedo Amaro Cabreira	19	1574.99	1	1	3	2	4	Avenida Nove de Julho	568	Jardim Paulista	São Paulo	SP	01407-907	9
RA55000145	Generina Espargosa	19	1372.99	2	2	3	2	6	Rua Pedro Barbosa	194	Jardim Marília	São Paulo	SP	03579-130	10
RA55000146	Ericki Bouça Remígio Cabeça De Vaca	19	1598.99	1	1	3	1	1	Rua Marechal Pimentel	204	Sacomã	São Paulo	SP	04248-100	10
RA55000147	Gilseppe Alves	19	1631.99	1	1	3	2	5	Avenida Duquesa de Goiás	792	Real Parque	São Paulo	SP	05686-900	9
RA55000148	Clonice Vilaça	19	2212.98	1	2	3	2	3	Rua Rainha-do-Bosque	864	Vila Santa Inês	São Paulo	SP	03812-030	9
RA55000149	Silvio Monforte	19	1743.99	1	1	3	1	2	Rua Major Sucupira	301	Vila Firmiano Pinto	São Paulo	SP	04124-050	10
RA55000150	Elizabeti Vieira	19	1276.99	1	2	3	1	9	Rua Capitão João Carlos	28	Nossa Senhora do Ó	São Paulo	SP	02926-060	9
RA55000151	Alsonia Janes Toste	19	2000.98	1	2	3	2	9	Rua Sete de Junho	453	União de Vila Nova	São Paulo	SP	08072-075	8
RA55000152	Osvaldinei Infante Sarmento	19	1858.98	1	1	3	2	5	Rua Ernani Pinto	803	Vila Maria Alta	São Paulo	SP	02128-020	7
RA55000153	Joseana Linhares	19	1406.99	1	2	3	2	5	Rua São Luís	207	Vila Cosmopolita	São Paulo	SP	08421-030	8
RA55000154	Juscimara Vilalobos	19	1386.99	1	2	3	2	8	Rua Mozart Pinto	985	Jardim Guarujá	São Paulo	SP	05877-280	6
RA55000155	Laionel Medeiros Leme	19	1769.99	1	1	3	2	2	Avenida Vinte e Quatro de Fevereiro	868	Vila Rui Barbosa	São Paulo	SP	03734-090	6
RA55000156	Angela Mafra Palhares	19	2027.98	1	2	3	2	5	Rua Silva Pinto	123	Bom Retiro	São Paulo	SP	01126-010	6
RA55000157	Dorneval Batata	19	1291.99	1	1	3	1	2	Rua Trio Arquiduque	434	Jardim São Bernardo	São Paulo	SP	04844-520	8
RA55000158	Ethel Mansilha Alvarenga Tabanez	19	1716.99	1	1	3	2	3	Rua Marechal Mello Ararigbóia	289	Vila Francos	São Paulo	SP	02880-060	8
RA55000159	Luane Rua	19	1743.99	1	2	3	1	7	Rua Marcos Lopes	456	Vila Nova Conceição	São Paulo	SP	04513-080	7
RA55000160	Sandrieli Medeiros Lindim Ferraz	19	1969.98	1	2	3	2	8	Rua Sete de Junho	453	União de Vila Nova	São Paulo	SP	08072-075	7
RA55000161	Petronio Parente Casqueira	19	1598.99	1	1	3	2	2	Praça Capri	573	Jardim Leonor Mendes de Barros	São Paulo	SP	02347-040	7
RA55000162	Regivaldo Carneiro	19	2409.98	1	1	3	2	9	Rua Xavier de Almeida	504	Ipiranga	São Paulo	SP	04211-001	8
RA55000163	Oliver Canedo Carvalhoso	19	2427.98	1	1	3	2	8	Rua André de Almeida	565	Jardim Cinco de Julho	São Paulo	SP	03953-085	7
RA55000164	Joarino Sardo Xavier Brasil	19	2144.98	1	1	3	2	4	Avenida Ceci	688	Planalto Paulista	São Paulo	SP	04065-004	8
RA55000165	Teonildo Pureza	19	2162.98	2	1	3	2	4	Rua João Lima	912	Chácara Belenzinho	São Paulo	SP	03381-080	6
RA55000166	Duani Pádua Valido	19	1299.99	1	2	3	1	5	Rua Vinte e Quatro de Dezembro	307	Vila Dom Pedro II	São Paulo	SP	02241-050	7
RA55000167	Rosilandia Rua	19	1966.98	1	2	3	2	4	Rua Rui Boto de Sousa	425	Jardim Aracati	São Paulo	SP	04949-020	7
RA55000168	Wilfrid Cedraz	19	1943.98	2	1	3	1	7	Rua Pedro Roget	841	Jardim Vivan	São Paulo	SP	02993-160	6
RA55000169	Ezenilson Temes Sousa	19	2227.98	1	1	3	2	4	Rua Dezenove de Julho	875	Jardim São José (Zona Norte)	São Paulo	SP	02971-040	6
RA55000170	Guilherme Macena	19	2015.98	1	1	3	2	7	Rua Peruíbe	864	Jardim Europa	São Paulo	SP	01448-090	6
RA55000171	Neurenice Caires	19	1306.99	1	2	3	2	1	Rua São Marcos	547	Chácara Gaivotas	São Paulo	SP	04849-314	8
RA55000172	Percival Afonso Onofre	19	1232.99	1	1	3	2	7	Rua Rui Barbosa	229	Bela Vista	São Paulo	SP	01326-010	6
RA55000173	Elimar Vinhas	19	1821.98	2	1	3	2	9	Rua Marechal Silva Fonseca	104	Jardim Três Marias	São Paulo	SP	03676-030	6
RA55000174	Gelcon Cotrim Ferraz Salvado	19	1963.98	1	1	3	2	1	Rua Diogo Barbosa	435	Vila Marari	São Paulo	SP	04403-210	7
RA55000175	Katiusse Caetano	19	1647.99	1	2	3	2	9	Rua José de Almeida	979	Vila Medeiros	São Paulo	SP	02204-001	8
RA55000176	Valderlina Sobreira Valido	19	2227.98	1	2	3	2	9	Rua André de Almeida	406	Cidade São Mateus	São Paulo	SP	03959-090	6
RA55000177	Tais Rangel Vasques Simões	19	1276.99	1	2	3	2	5	Rua Albina Barbosa	289	Aclimação	São Paulo	SP	01530-020	6
RA55000178	Atenildes Bettencourt Bezerra Pádua	19	1387.99	1	2	3	2	5	Rua Xavier de Almeida	504	Ipiranga	São Paulo	SP	04211-001	8
RA55000179	Elivone Serpa Vital Anes	20	1714.43	2	2	4	2	5	Rua Sete de Abril	277	Parque Primavera	São Paulo	SP	04467-285	7
RA55000180	Jadiel Quinterno Vale Veiga	20	1616.43	1	1	4	2	8	Rua Sete de Junho	453	União de Vila Nova	São Paulo	SP	08072-075	7
RA55000181	Saverio Frota Urias	20	1726.43	1	1	4	2	9	Rua Quatro de Agosto	14	Saúde	São Paulo	SP	04053-060	6
RA55000182	Joelsio Espírito Santo Quinteiro Ferraz	20	2437.43	2	1	4	2	8	Rua Nossa Senhora da Penha	823	Penha de França	São Paulo	SP	03632-060	7
RA55000183	Joiciane Casalinho Quadros Valente	20	1945.43	1	2	4	2	5	Rua Nossa Senhora Aparecida	347	Jardim Felicidade (Zona Norte)	São Paulo	SP	02326-105	6
RA55000184	Damasia Picanço Damasceno	20	2075.43	1	2	4	2	9	Avenida Agami	715	Moema	São Paulo	SP	04522-001	7
RA55000185	Evanice Mainha Veiga Pais	20	1797.43	1	2	4	2	6	Rua Dom Pedro	498	Jardim Apurá	São Paulo	SP	04470-037	7
RA55000186	Isoldi Charneca Boaventura Pederneiras	20	1340.44	1	1	4	1	3	Rua André de Almeida	410	Cidade São Mateus	São Paulo	SP	03950-000	7
RA55000187	Genisvan Luz Azenha	20	2026.43	1	1	4	1	9	Rua Pedro Doll	676	Santana	São Paulo	SP	02404-001	7
RA55000188	Jurandina Veiga Mariz Cachoeira	20	1418.44	1	2	4	2	2	Praça Capri	849	Jardim Leonor Mendes de Barros	São Paulo	SP	02347-040	6
RA55000189	Suzelaine Mirandela Bingre	20	1976.43	1	2	4	2	8	Rua do Buruí	876	Parque Casa de Pedra	São Paulo	SP	02320-170	6
RA55000190	Gesselma Barra	20	1780.43	2	2	4	2	5	Rua 23 de Novembro	929	Vila Progresso (Zona Leste)	São Paulo	SP	08240-001	7
RA55000191	Joida Veleda Branco	20	2070.43	1	2	4	2	1	Praça Gute	947	Vila Mariana	São Paulo	SP	04118-110	7
RA55000192	Jasciane Brião Pestana	20	1326.44	1	2	4	2	4	Rua Vale Maior	533	Jardim Miriam	São Paulo	SP	04417-040	6
RA55000193	Vilena Milheirão	20	2160.43	1	2	4	1	3	Rua Caetano Augusto	468	Mooca	São Paulo	SP	03190-070	6
RA55000194	Elielze Castilho Hernandes Reis	20	1914.43	1	2	4	1	5	Rua Rosa de Nossa Senhora	73	Vila Reis	São Paulo	SP	08040-400	8
RA55000195	Eldon Seixas Cardim	20	1298.44	1	1	4	2	4	Rua Silva Pinto	972	Bom Retiro	São Paulo	SP	01126-010	7
RA55000196	Rochele Damásio Cartaxo	20	1789.43	1	2	4	2	1	Rua João Pires	702	Mooca	São Paulo	SP	03168-060	7
RA55000197	Julieni Macedo Baía	20	1729.43	1	2	4	1	9	Rua Marechal Silva Fonseca	104	Jardim Três Marias	São Paulo	SP	03676-030	6
RA55000198	Camila Castilhos Jordão Cabral	20	2026.43	2	2	4	1	9	Rua Pedro Bruno	172	Butantã	São Paulo	SP	05506-010	6
RA55000199	Virgilina Noite Bentes	20	2171.43	1	2	4	2	3	Avenida Onze de Junho	167	Vila Clementino	São Paulo	SP	04041-000	7
RA55000200	Walesk Canto Salomão Albuquerque	20	2341.43	1	2	4	2	1	Rua Rafael Barbosa	976	Jardim Maria Luiza	São Paulo	SP	05371-080	8
RA55000201	Gladestone Sá	20	1573.43	1	1	4	1	1	Praça Aramã	946	Jardim Nordeste	São Paulo	SP	03691-160	6
RA55000202	Eudio Vargas Coimbra Queiroga	20	1244.44	1	1	4	2	3	Rua Vandoma	788	Parque Cocaia	São Paulo	SP	04850-170	7
RA55000203	Arna Basílio Velasques	20	1836.43	1	2	4	2	6	Rua Monsenhor Anacleto	13	Brás	São Paulo	SP	03003-020	6
RA55000204	Eriadina Durão Teodoro	20	1438.44	1	2	4	2	9	Rua Major Baracca	906	Parque Edu Chaves	São Paulo	SP	02232-000	7
RA55000205	Mailza Rebocho Macena	20	2058.43	1	2	4	2	9	Travessa Dezoito de Dezembro	659	Vila Tolstoi	São Paulo	SP	03269-035	8
RA55000206	Rubia Torres Semedo	20	1246.44	1	2	4	2	9	Rua Marconi	585	Centro	São Paulo	SP	01047-910	6
RA55000207	Emory Frias	20	1607.43	2	1	4	2	5	Rua Dezenove de Julho	875	Jardim São José (Zona Norte)	São Paulo	SP	02971-040	8
RA55000208	Edezilda Bilhalva	20	1825.43	1	2	4	2	6	Avenida Nove de Julho	568	Jardim Paulista	São Paulo	SP	01407-907	6
RA55000209	Orismar Jobim	20	1827.43	1	1	4	1	7	Rua Treze de Agosto	881	Vila União (Zona Leste)	São Paulo	SP	03920-070	7
RA55000210	Adania Torreiro Santarém Bugalho	20	2223.43	1	1	4	2	5	Rua São Pedro	208	Recanto Verde do Sol	São Paulo	SP	08382-110	8
RA55000211	Leidson Caniça Beiriz Valadim	20	1698.43	1	1	4	2	9	Rua São João	847	Jardim Nova Conquista	São Paulo	SP	08346-405	7
RA55000212	Clairson Abasto Talhão	20	1331.44	1	1	4	2	3	Rua Nove de Julho	677	Santo Amaro	São Paulo	SP	04739-900	8
RA55000213	Dilnei Hipólito Barata	20	2229.43	1	1	4	2	9	Rua Acuruí	534	Vila Formosa	São Paulo	SP	03355-000	8
RA55000214	Licimara Carrasco Malta Lamego	20	1350.44	1	2	4	2	3	Rua Piruini	530	Jardim Jaú (Zona Leste)	São Paulo	SP	03710-110	7
RA55000215	Merice Mangueira	20	2356.43	2	2	4	1	2	Rua Sargento Olício Alves	48	Vila Campo Grande	São Paulo	SP	04455-180	7
RA55000216	Alvarito Fitas	20	1750.43	1	1	4	2	9	Rua Sargento-Mor Carvalho	794	Cidade Ademar	São Paulo	SP	04405-080	6
RA55000217	Shara Norões Ninharelhos Quintão	20	1580.43	1	2	4	2	5	Rua Soldado Sebastião Felício	171	Parque Novo Mundo	São Paulo	SP	02144-070	8
RA55000218	Sadia Vilante Narvais	20	1342.44	1	2	4	1	5	Praça Félix	787	Vila Sílvia	São Paulo	SP	03820-210	7
RA55000219	Neif Marreiro	20	1823.43	1	1	4	1	8	Rua Dom Aguirre	13	Vila Sofia	São Paulo	SP	04671-245	7
RA55000220	Amin Sobral Fortunato Frota	20	1312.44	1	1	4	2	6	Rua Dom Lino	945	Luz	São Paulo	SP	01103-070	8
RA55000221	Isaques Eanes	20	1280.44	1	1	4	2	2	Rua Primeiro de Janeiro	706	Vila Clementino	São Paulo	SP	04044-060	8
RA55000222	Marileda Pederneiras	20	2405.43	1	2	4	2	5	Praça Sete de Fevereiro	594	Vila Formosa	São Paulo	SP	03358-020	8
RA55000223	Ulisis Anlicoara Carvalhal Padilha	20	2231.43	1	1	4	1	4	Avenida Ceci	688	Planalto Paulista	São Paulo	SP	04065-004	6
RA55000224	Gleison Gil Medina	20	2083.43	2	1	4	2	4	Praça Guarus	280	Parque do Lago	São Paulo	SP	04944-160	8
RA55000225	Celso Coelho	20	1699.43	1	1	4	2	5	Rua Capitão João Carlos	28	Nossa Senhora do Ó	São Paulo	SP	02926-060	7
RA55000226	Tabata Valgueiro Jamandas	20	1963.43	1	2	4	2	4	Rua Vinte e Oito de Setembro	136	Vila Dom Pedro I	São Paulo	SP	04267-000	8
RA55000227	Elzanira Noite Franca	20	1560.43	1	2	4	2	9	Rua Dez de Julho	594	Cidade Ademar	São Paulo	SP	04404-000	7
RA55000228	Adagilson Malheiro Frajuca	20	1589.43	1	1	4	2	2	Rua Sargento Jorge Monçores	819	Conjunto Habitacional Marechal Mascarenhas de Morais	São Paulo	SP	03977-320	6
RA55000229	Yael Borja Doutis	20	1626.43	1	1	4	2	8	Avenida Onze de Junho	167	Vila Clementino	São Paulo	SP	04041-000	6
RA55000230	Dasy Conde Redondo Cortesão	20	2114.43	1	2	4	2	2	Rua Treze de Maio	563	Bela Vista	São Paulo	SP	01327-900	6
RA55000231	Sterfany Moutinho Lisboa	20	1367.44	1	2	4	2	5	Rua João Canzi	697	Jardim Patente	São Paulo	SP	04243-090	8
RA55000232	Leonor Mamouros	20	1652.43	2	2	4	1	5	Rua Emílio Barbosa	875	Vila Prudente	São Paulo	SP	03135-040	8
RA55000233	Madiane Caminha	20	1454.43	1	2	4	2	1	Rua Marcos Freire	579	Jardim Nova Conquista	São Paulo	SP	08346-580	8
RA55000234	Tani Filipe Garrau	20	1232.44	1	2	4	2	5	Rua Dias Barbosa	969	Jardim São Paulo(Zona Leste)	São Paulo	SP	08461-540	7
RA55000235	Nariele Godoi Vilalobos	20	1349.44	1	2	4	1	3	Rua Diogo Barbosa	435	Vila Marari	São Paulo	SP	04403-210	6
RA55000236	Azelina Olivares	20	1957.43	1	2	4	2	4	Rua São Marcos	547	Chácara Gaivotas	São Paulo	SP	04849-314	7
RA55000237	Erinaldo Velasques	20	1536.43	1	1	4	2	5	Rua Sete de Abril	772	Centro	São Paulo	SP	01044-907	7
RA55000238	Irvanio Toscano Quirino Botelho	20	1992.43	2	1	4	1	9	Rua Quinze de Novembro	746	Centro	São Paulo	SP	01013-907	7
RA55000239	Yoshiko Gravato	20	2250.43	2	2	4	1	2	Rua Sargento Jorge Monçores	819	Conjunto Habitacional Marechal Mascarenhas de Morais	São Paulo	SP	03977-320	8
RA55000240	Hernes Moreira Lalanda	20	2386.43	1	1	4	1	7	Rua Flor de Maio	247	Parque das Flores	São Paulo	SP	08391-435	6
RA55000241	Raian Vides	20	1227.44	2	1	4	1	4	Praça Gute	947	Vila Mariana	São Paulo	SP	04118-110	8
RA55000242	Genildo Tavares	20	1526.43	1	1	4	2	2	Rua Sargento Agostinho Ferreira	927	Vila Maria	São Paulo	SP	02129-001	7
RA55000243	Linek Rodovalho Lousã	20	1860.43	2	1	4	2	5	Rua Pedro Doll	676	Santana	São Paulo	SP	02404-001	7
RA55000244	Valderlandia Alvarenga	20	2089.43	1	2	4	2	2	Rua Silva Pinto	972	Bom Retiro	São Paulo	SP	01126-010	6
RA55000245	Germana Morgado Cerqueira Temes	20	2271.43	1	2	4	2	8	Rua 5 de Outubro	522	Chácara Gaivotas	São Paulo	SP	04849-309	6
RA55000246	Jetro Bilhalva Redondo	20	1350.44	1	1	4	2	4	Rua Monsenhor Salim	959	Itaim Paulista	São Paulo	SP	08111-180	7
RA55000247	Clauton Fiúza Vilarinho Sabrosa	20	1395.44	1	1	4	2	5	Praça Guarus	280	Parque do Lago	São Paulo	SP	04944-160	7
RA55000248	Luzimario Mesquita Faleiro Linhares	20	1492.43	1	1	4	2	1	Rua Capitão Salomão	840	Centro	São Paulo	SP	01034-020	8
RA55000249	Melki Sobral	20	2172.43	1	1	4	2	4	Rua Rosa de Nossa Senhora	913	Vila Reis	São Paulo	SP	08040-400	6
RA55000250	Ivanilza Águeda Sampaio Capucho	20	2329.43	1	2	4	2	5	Rua Primeiro de Maio	149	Jardim São Francisco	São Paulo	SP	08390-263	6
RA55000251	Eberti Ferrão	20	1718.43	2	1	4	2	4	Avenida Sargento Geraldo Sant'Ana	512	Jardim Taquaral	São Paulo	SP	04674-903	8
RA55000252	Zenito Cantanhede	20	2107.43	1	1	4	2	4	Rua Vale Maior	533	Jardim Miriam	São Paulo	SP	04417-040	6
RA55000253	Roneide Fiães Garcia	20	2235.43	1	2	4	2	3	Rua Major Dantas Cortez	683	Vila Gustavo	São Paulo	SP	02206-001	7
RA55000254	Elinaria Rolim Porciúncula	20	1790.43	2	2	4	1	7	Rua Flor de Abril	918	Jardim Peri	São Paulo	SP	02651-140	7
RA55000255	Islei Rodovalho Muniz	20	1649.43	1	2	4	2	9	Rua Marechal Malet	251	Parque da Vila Prudente	São Paulo	SP	03140-020	7
RA55000256	Alicson Leite Santiago Seixas	20	1837.43	1	1	4	2	1	Rua Nossa Senhora Aparecida	347	Jardim Felicidade (Zona Norte)	São Paulo	SP	02326-105	8
RA55000257	Rilari Delgado Roriz Carvalheira	20	1920.43	1	2	4	1	8	Rua Nove de Julho	501	Santo Amaro	São Paulo	SP	04739-900	7
RA55000258	Cinesio Barreto Quental Gusmão	20	1746.43	1	1	4	2	6	Rua Caetano Mero	60	Vila Constança	São Paulo	SP	04658-080	7
RA55000259	Waltemar Canela Freitas	20	1600.43	2	1	4	2	9	Rua Nove de Julho	501	Santo Amaro	São Paulo	SP	04739-900	8
RA55000260	Erich Vilante Bandeira	20	1634.43	1	1	4	2	7	Rua Major Marcelino	634	Brás	São Paulo	SP	03025-020	6
RA55000261	Eliede Urias Cedro Santiago	20	1277.44	1	1	4	2	3	Rua Piruini	530	Jardim Jaú (Zona Leste)	São Paulo	SP	03710-110	8
RA55000262	Sinesio Parafita Negreiros Alcaide	20	1984.43	1	1	4	1	3	Rua Monsenhor Anacleto	754	Brás	São Paulo	SP	03003-020	8
RA55000263	Elifas Pais Ávila Grangeia	20	1739.43	1	1	4	2	8	Avenida Dois	60	Colônia (Zona Leste)	São Paulo	SP	08260-430	7
RA55000264	Tone Sabrosa Fraga	20	1414.44	1	1	4	2	7	Rua Batista Caetano	419	Aclimação	São Paulo	SP	04108-130	7
RA55000265	Clemes Da Costa	20	2101.43	1	1	4	2	3	Rua Rio de Janeiro	805	Parque Recreio	São Paulo	SP	04891-230	8
RA55000266	Maellen Quinta Cordeiro	20	1319.44	2	2	4	2	1	Rua Marco Martini	861	Jardim Dona Deolinda	São Paulo	SP	08032-580	7
RA55000267	Josefe Anjos Regueira	20	2042.43	1	1	4	2	8	Rua Caetano do Amaral	274	Vila Cruzeiro	São Paulo	SP	03382-130	7
RA55000268	Elite Uchoa	20	2313.43	1	2	4	2	2	Avenida Onze de Junho	571	Vila Clementino	São Paulo	SP	04041-002	7
RA55000269	Clerisvalda Pedro Guterres Ferraço	20	1979.43	1	2	4	1	5	Travessa Dezoito de Dezembro	659	Vila Tolstoi	São Paulo	SP	03269-035	8
RA55000270	Mauriso Monteiro Sabala Manso	20	2330.43	1	1	4	2	8	Rua Major Gomes Ribeiro	743	Vila Santa Teresa (Zona Leste)	São Paulo	SP	03565-020	8
RA55000271	Valdionir Ferraço Vilas Boas	20	2008.43	1	1	4	2	6	Praça Gute	947	Vila Mariana	São Paulo	SP	04118-110	7
RA55000272	Odalirio Talhão	20	2279.43	2	1	4	2	1	Rua Marino Pinto	894	Jardim Palmares (Zona Sul)	São Paulo	SP	04457-090	7
RA55000273	Angel Cordeiro Prudente Cedro	20	1475.43	1	1	4	1	3	Rua Rio Maruí	679	Itaquera	São Paulo	SP	08215-640	7
RA55000274	Elizate Maior Rosmaninho	20	2403.43	1	2	4	2	5	Rua Rainha-do-Bosque	864	Vila Santa Inês	São Paulo	SP	03812-030	6
RA55000275	Rosembergue Pequeno Amorim	20	1605.43	1	1	4	1	9	Rua André de Almeida	410	Cidade São Mateus	São Paulo	SP	03950-000	8
RA55000276	Delba Miranda Gorjão	20	1664.43	1	2	4	1	8	Travessa Sete de Setembro	449	Recanto dos Humildes	São Paulo	SP	05209-550	8
RA55000277	Regilma Vilalobos Pires Palma	20	2366.43	1	2	4	1	6	Rua Marechal Pimentel	204	Sacomã	São Paulo	SP	04248-100	6
RA55000278	Shinaider Veleda Mascarenhas	20	2004.43	1	1	4	2	5	Rua Silva Pinto	972	Bom Retiro	São Paulo	SP	01126-010	7
RA55000279	Orjana Cascais Pardo Borba	20	2137.43	1	2	4	2	2	Rua Sargento Agostinho Ferreira	927	Vila Maria	São Paulo	SP	02129-001	7
RA55000280	Adanir Mondragão	20	2065.43	1	2	4	2	2	Rua Sete de Junho	453	União de Vila Nova	São Paulo	SP	08072-075	6
RA55000281	Osvaldenir Úria	20	2197.43	1	1	4	2	3	Rua Manuel Pinto	121	Jardim Eliza	São Paulo	SP	05776-460	6
RA55000282	Valdevane Diegues	20	1774.43	1	1	4	2	3	Rua André de Almeida	410	Cidade São Mateus	São Paulo	SP	03950-000	8
RA55000283	Oliva Monjardim Matoso Gama	20	1452.43	1	2	4	1	4	Rua Três de Maio	943	Vila Clementino	São Paulo	SP	04044-020	7
RA55000284	Ortilia Pardo Carneiro	20	1787.43	1	2	4	1	6	Rua Nossa Senhora da Paz	485	Jardim Almeida	São Paulo	SP	04866-245	8
RA55000285	Taislane Garrido Canela Matias	20	1739.43	1	2	4	2	5	Rua São Pedro	208	Recanto Verde do Sol	São Paulo	SP	08382-110	8
RA55000286	Zeno Seabra Seabra	20	1559.43	1	1	4	1	3	Rua Marconi	820	Centro	São Paulo	SP	01047-905	8
RA55000287	Merilin Távora	20	1243.44	1	2	4	2	3	Rua Marconi	585	Centro	São Paulo	SP	01047-910	8
RA55000288	Izonilda Salazar Argolo Simão	20	2132.43	1	2	4	2	3	Praça Três de Setembro	892	Vila Alpina	São Paulo	SP	03207-060	6
RA55000289	Vanisi Sobral	20	1786.43	1	2	4	1	5	Rua João Paulo	132	Piqueri	São Paulo	SP	02913-080	8
RA55000290	Glaciara Adão	20	2379.43	1	2	4	2	8	Rua Dom Valverde	947	Vila Monumento	São Paulo	SP	04261-090	8
RA55000291	Avelina Cabreira Mondragão	20	1393.44	2	2	4	2	5	Rua Marechal Mello Ararigbóia	289	Vila Francos	São Paulo	SP	02880-060	6
RA55000292	Enileia Mantas	20	2074.43	1	2	4	2	8	Rua Marco Martini	861	Jardim Dona Deolinda	São Paulo	SP	08032-580	8
RA55000293	Gualter Campelo	20	2158.43	1	1	4	2	2	Rua Carapuruí	62	Alto da Lapa	São Paulo	SP	05059-050	7
RA55000294	Eziel Olaio	20	2233.43	1	1	4	2	3	Rua Antônio Maio	892	Jardim Previdência	São Paulo	SP	04163-020	8
RA55000295	Natalia Souto Maior Cascais Reino	20	1594.43	1	2	4	1	4	Rua Dom Valverde	947	Vila Monumento	São Paulo	SP	04261-090	8
RA55000296	Eucana Ferraz Pequeno	20	1437.44	2	1	4	1	7	Rua Major Claudiano	49	Vila Gea	São Paulo	SP	04692-030	6
RA55000297	Deusinete Coutinho Lagoa	20	1343.44	1	2	4	2	8	Rua Quinze de Novembro	803	Cantinho do Céu	São Paulo	SP	04849-527	6
RA55000298	Oziel Pinto Linhares	20	2098.43	1	1	4	1	3	Rua Marconi	820	Centro	São Paulo	SP	01047-905	6
RA55000299	Adenisson Bragança Lobo	20	1330.44	1	1	4	2	1	Rua Trio Arquiduque	434	Jardim São Bernardo	São Paulo	SP	04844-520	6
RA55000300	Uendell Resende	20	1309.44	1	1	4	2	4	Rua Pedro Doll	676	Santana	São Paulo	SP	02404-001	7
RA55000301	Charlini Pires Castanheira Aldeia	20	2011.43	1	2	4	2	8	Rua Pires de Almeida	58	Vila Pita	São Paulo	SP	02478-130	4
RA55000302	Varlei Marins Castro Serro	20	1535.43	1	2	4	2	9	Rua Vandoma	793	Parque Cocaia	São Paulo	SP	04850-170	4
RA55000303	Geones Sintra	20	1627.43	1	1	4	2	3	Rua Treze de Maio	917	Cantinho do Céu	São Paulo	SP	04849-650	4
RA55000304	Elter Júdice	20	2039.43	2	1	4	1	9	Praça Sete de Fevereiro	594	Vila Formosa	São Paulo	SP	03358-020	5
RA55000305	Vanderlandia Castilhos	20	1999.43	1	2	4	2	1	Avenida Onze de Junho	571	Vila Clementino	São Paulo	SP	04041-002	4
RA55000306	Daluz Barbosa	20	1461.43	2	2	4	2	8	Rua Caetano Ruyvo	713	Parque Ramos Freitas	São Paulo	SP	02353-060	5
RA55000307	Dasilva Matosinhos Fidalgo	20	1540.43	1	1	4	1	9	Vila São João	348	Cidade São Mateus	São Paulo	SP	03961-130	4
RA55000308	Jusiane Faia Barrocas Feira	20	1679.43	1	2	4	1	9	Avenida Sargento Geraldo Sant'Ana	512	Jardim Taquaral	São Paulo	SP	04674-903	5
RA55000309	Sany Sá Cascais	20	2189.43	1	2	4	2	2	Avenida Dezenove de Janeiro	320	Vila Carrão	São Paulo	SP	03449-000	5
RA55000310	Ivanderlei Mendes Cortesão	20	2191.43	1	1	4	2	6	Rua Major Gomes Ribeiro	743	Vila Santa Teresa (Zona Leste)	São Paulo	SP	03565-020	5
RA55000311	Linick Gois Sandinha Amaral	20	1998.43	1	1	4	2	8	Avenida Nove de Julho	873	Jardim Paulista	São Paulo	SP	01407-907	4
RA55000312	Aiane Beiriz Canedo	20	2217.43	1	2	4	2	7	Rua Peruíbe	864	Jardim Europa	São Paulo	SP	01448-090	5
RA55000313	Bartolino Malheiro Teles Botica	20	1269.44	1	1	4	2	4	Rua Dezenove de Julho	875	Jardim São José (Zona Norte)	São Paulo	SP	02971-040	4
RA55000314	Liniker Lara Santos	20	1549.43	2	1	4	2	4	Rua Treze de Agosto	878	Vila União (Zona Leste)	São Paulo	SP	03920-070	5
RA55000315	Andrei Frois	20	2074.43	1	1	4	2	6	Rua Rio de Janeiro	805	Parque Recreio	São Paulo	SP	04891-230	4
RA55000316	Almaiza Medeiros Ximenes	20	1731.43	1	2	4	2	1	Rua Capitão Rangel	574	Vila São Geraldo	São Paulo	SP	03607-100	5
RA55000317	Elizabeth Matias Alpuim	20	2233.43	1	2	4	2	7	Rua Caetano do Amaral	274	Vila Cruzeiro	São Paulo	SP	03382-130	5
RA55000318	Rosimeri Correia	20	1374.44	1	2	4	2	6	Viela Treze de Abril	495	Jardim Nazareth	São Paulo	SP	08150-750	4
RA55000319	Aldonei Nolasco	20	2232.43	1	1	4	2	2	Rua São Vito	399	Brás	São Paulo	SP	03007-030	5
RA55000320	Nizael Liberato Ginjeira Ninharelhos	20	2334.43	1	1	4	1	4	Rua Treze de Maio	349	Bela Vista	São Paulo	SP	01327-905	4
RA55000321	Silvino Ninharelhos Reis Penteado	20	2412.43	1	1	4	2	2	Praça Aramã	946	Jardim Nordeste	São Paulo	SP	03691-160	4
RA55000322	Rafaell Aragão	20	1414.44	1	1	4	2	7	Rua Marechal Morais Âncora	434	Jardim Maria Luiza	São Paulo	SP	05371-000	5
RA55000323	Jackeline Maior Calheiros Barreto	20	1624.43	1	2	4	2	6	Avenida Moaci	772	Planalto Paulista	São Paulo	SP	04093-901	5
RA55000324	Ebenezer Coutinho Amado	21	2038.88	1	1	5	2	9	Rua Soldado Gentil Guimarães	750	Parque Novo Mundo	São Paulo	SP	02144-010	4
RA55000325	Lindimar Vigário Olaio	21	1519.88	1	2	5	1	9	Viela Treze de Abril	495	Jardim Nazareth	São Paulo	SP	08150-750	5
RA55000326	Nelivaldo Leão	21	1875.88	1	1	5	2	7	Praça Kant	199	Jardim Vila Mariana	São Paulo	SP	04116-230	4
RA55000327	Sabrine Carneiro	21	2307.87	1	2	5	2	8	Rua Vinte e Dois de Abril	329	Lajeado	São Paulo	SP	08450-420	5
RA55000328	Dyovana Frajuca Ferrão	21	1619.88	2	2	5	2	6	Rua Rio de Janeiro	805	Parque Recreio	São Paulo	SP	04891-230	4
RA55000329	Cleneci Batata	21	2341.87	1	2	5	2	6	Rua André de Almeida	410	Cidade São Mateus	São Paulo	SP	03950-000	5
RA55000330	Dalila Franca Amado Quintana	21	1648.88	1	2	5	2	3	Rua José de Almeida	979	Vila Medeiros	São Paulo	SP	02204-001	5
RA55000331	Elen Sobreira	21	2238.88	1	2	5	1	3	Rua do Buruí	876	Parque Casa de Pedra	São Paulo	SP	02320-170	4
RA55000332	Jadia Cangueiro Reino Torquato	21	1305.88	1	2	5	1	9	Rua Capitão Salomão	840	Centro	São Paulo	SP	01034-020	4
RA55000333	Doriceia Moura Coelho	21	1632.88	1	2	5	1	8	Rua Capitão João Noronha	747	Parque Mandaqui	São Paulo	SP	02418-050	5
RA55000334	Denocir Caiado Cachoeira Palos	21	1705.88	1	1	5	2	7	Praça Marechal Deodoro	187	Santa Cecília	São Paulo	SP	01150-010	5
RA55000335	Avair Meira Nobre	21	2022.88	1	1	5	2	4	Praça Opala	269	Vila Euthalia	São Paulo	SP	03518-065	4
RA55000336	Marielle Lima Aleixo	21	2403.87	1	2	5	2	4	Rua Marcos Lopes	456	Vila Nova Conceição	São Paulo	SP	04513-080	5
RA55000337	Jullia Montenegro	21	1891.88	1	2	5	1	2	Rua Treze de Agosto	881	Vila União (Zona Leste)	São Paulo	SP	03920-070	5
RA55000338	Silvanara Cardoso Bingre	21	2273.88	1	2	5	2	5	Rua Duque Costa	420	Vila Sofia	São Paulo	SP	04671-160	4
RA55000339	Orelia Casalinho Chamusca Silveira	21	1710.88	1	2	5	1	7	Rua Capitão Fidélis	7	Santo Amaro	São Paulo	SP	04744-070	5
RA55000340	Abraham Cotrim Camelo	21	2195.88	1	1	5	2	4	Praça Opala	269	Vila Euthalia	São Paulo	SP	03518-065	4
RA55000341	Leonete Flores Sítima Esteves	21	1844.88	1	2	5	1	8	Rua Sargento Advíncola	568	Parque Mandaqui	São Paulo	SP	02418-130	5
RA55000342	Andria Calçada	21	1357.88	1	2	5	1	7	Rua Dois de Julho	506	Ipiranga	São Paulo	SP	04215-000	4
RA55000343	Alzirene Carmona	21	1317.88	1	2	5	1	6	Rua Manuel Pinto	121	Jardim Eliza	São Paulo	SP	05776-460	4
RA55000344	Aguilar Maia	21	1946.88	1	2	5	1	8	Praça Alves Barbosa	878	Vila Bonilha	São Paulo	SP	02935-140	5
RA55000345	Luzinea Meneses Granjeiro Figueiró	21	2279.88	1	2	5	1	5	Rua Domingos Maza	903	Vila Boaçava	São Paulo	SP	05170-280	5
RA55000346	Edinei Couto Vasques	21	1847.88	1	2	5	2	8	Rua Caetano de Moura	216	Vila Nina	São Paulo	SP	02833-060	5
RA55000347	Kauara César	21	2105.88	1	2	5	2	5	Rua Marechal Deodoro	565	Santo Amaro	São Paulo	SP	04738-900	4
RA55000348	Ezanir Calheiros Estrada	21	1374.88	2	2	5	1	1	Rua Diogo Barbosa	435	Vila Marari	São Paulo	SP	04403-210	5
RA55000349	Juli Anhaia	21	1393.88	2	1	5	2	4	Rua Joaquim Caetano	994	Cidade Nova América	São Paulo	SP	04897-525	5
RA55000350	Deividiane Esteves Barros Cisneiros	21	2050.88	1	2	5	1	9	Praça M'Boi	904	Butantã	São Paulo	SP	05511-030	4
RA55000351	Laelco Brandão	21	2295.88	1	1	5	2	1	Rua Rui Boto de Sousa	425	Jardim Aracati	São Paulo	SP	04949-020	3
RA55000352	Etiene Cirne Moreno Clementino	21	2582.87	1	2	5	2	4	Rua Rio de Janeiro	805	Parque Recreio	São Paulo	SP	04891-230	3
RA55000353	Adicelma Cruz	21	2971.87	1	2	5	1	6	Rua Vandoma	793	Parque Cocaia	São Paulo	SP	04850-170	2
RA55000354	Onei Escobar Lagos Carreiro	21	3321.87	2	1	5	2	3	Rua João Canzi	697	Jardim Patente	São Paulo	SP	04243-090	2
RA55000355	Lazira Soverosa	21	2883.87	1	2	5	2	5	Rua Dom Valverde	947	Vila Monumento	São Paulo	SP	04261-090	2
RA55000356	Poleana Areosa Fraga Cartaxo	21	3152.87	1	2	5	1	9	Rua Monsenhor Salim	959	Itaim Paulista	São Paulo	SP	08111-180	2
RA55000357	Eziel Amado Pegado Barbalho	21	2806.87	1	1	5	2	6	Rua Capitão José Leite	77	Vila Matilde	São Paulo	SP	03510-010	2
RA55000358	Dib Torquato Quinterno Bouças	21	2910.87	1	1	5	1	8	Praça Capri	573	Jardim Leonor Mendes de Barros	São Paulo	SP	02347-040	3
RA55000359	Islandia Valcácer Brum Castro	21	2904.87	1	2	5	2	8	Praça M'Boi	654	Butantã	São Paulo	SP	05511-030	3
RA55000360	Sortenes Espargosa Bettencourt	21	2613.87	1	1	5	1	4	Rua Joaquim Caetano	994	Cidade Nova América	São Paulo	SP	04897-525	3
RA55000361	Lorrana Fogaça	21	3056.87	1	2	5	2	9	Rua São Judas	868	Condomínio Jequirituba	São Paulo	SP	04851-604	2
RA55000362	Gilliard Cobra Reis	21	2855.87	1	1	5	2	2	Rua 9 de Setembro	652	Chácara Gaivotas	São Paulo	SP	04849-333	2
RA55000363	Cleison Homem Pinho	21	2904.87	1	1	5	2	9	Rua Pedro Doll	676	Santana	São Paulo	SP	02404-001	2
RA55000364	Kethellen  Figueira	21	2790.87	1	2	5	1	6	Rua Dirceu de Almeida	46	Parque São Domingos	São Paulo	SP	05126-110	2
RA55000365	Denilia Caçoilo Monsanto Barroqueiro	21	2879.87	1	2	5	2	2	Rua Capitão Luís Ramos	871	Vila Guilherme	São Paulo	SP	02066-010	2
RA55000366	Reci Baldaia	21	3598.86	1	2	5	2	6	Avenida Ceci	688	Planalto Paulista	São Paulo	SP	04065-004	2
RA55000367	Valdomira Valverde Carromeu	21	3430.87	1	2	5	2	2	Rua Vinte e Quatro de Dezembro	307	Vila Dom Pedro II	São Paulo	SP	02241-050	3
RA55000368	Sumika Ramos Carvalhais	21	3643.86	2	2	5	2	5	Avenida Marechal Tito	891	Jardim Silva Teles	São Paulo	SP	08160-495	3
RA55000369	Belizario Vidal Quintana Carromeu	21	2604.87	1	1	5	2	2	Rua Baltazar Barbosa	836	Parque São Rafael	São Paulo	SP	08320-500	3
RA55000370	Wanilse Severiano Ramos	21	2748.87	1	2	5	2	4	Rua Pedro Bruno	172	Butantã	São Paulo	SP	05506-010	3
RA55000371	Cacimiro Toscano	21	3317.87	1	1	5	2	1	Rua Vinte e Dois de Abril	329	Lajeado	São Paulo	SP	08450-420	3
RA55000372	Darlice Paiva Prada Queiroga	21	2582.87	2	2	5	1	3	Rua Pedro Bruno	172	Butantã	São Paulo	SP	05506-010	2
RA55000373	Luane Tinoco Belo	21	2549.87	1	2	5	2	3	Avenida Rudge	293	Bom Retiro	São Paulo	SP	01134-000	3
RA55000374	Dinise Cedraz	21	3145.87	1	2	5	2	3	Rua Major Gomes Ribeiro	743	Vila Santa Teresa (Zona Leste)	São Paulo	SP	03565-020	3
RA55000375	Aleixo Palos Regodeiro Anlicoara	21	2499.87	1	1	5	1	7	Rua Nossa Senhora Aparecida	604	Jardim Felicidade (Zona Norte)	São Paulo	SP	02326-105	3
RA55000376	Madaleno Soeiro Angelim Paulos	21	3439.87	1	1	5	2	7	Avenida Sargento Geraldo Sant'Ana	572	Jardim Taquaral	São Paulo	SP	04674-901	2
RA55000377	Elane Mamouros	21	2718.87	1	2	5	1	2	Rua Marechal Deodoro	273	Santo Amaro	São Paulo	SP	04738-900	3
RA55000378	Lenilda Queirós	21	3562.86	1	2	5	1	6	Praça Capri	573	Jardim Leonor Mendes de Barros	São Paulo	SP	02347-040	2
RA55000379	Tamilles Adão Camargo	21	2606.87	1	2	5	2	7	Avenida Nove de Julho	568	Jardim Paulista	São Paulo	SP	01407-907	2
RA55000380	Rominique Cartaxo Guterres	21	2485.87	2	1	5	2	9	Rua Capitão Prudente	202	Pinheiros	São Paulo	SP	05422-050	2
RA55000381	Euricelia Lameira	21	2683.87	1	2	5	1	2	Rua Sete de Junho	453	União de Vila Nova	São Paulo	SP	08072-075	3
RA55000382	Juciana Calheiros Brasil Urias	21	2538.87	1	2	5	2	2	Rua Trinta e Um de Outubro	686	Lauzane Paulista	São Paulo	SP	02442-165	2
RA55000383	Thierry Alcântara Canejo	21	3502.86	1	1	5	2	5	Rua Sete de Junho	453	União de Vila Nova	São Paulo	SP	08072-075	2
RA55000384	Maviel Mendonça Cerqueira	21	3089.87	1	1	5	1	1	Rua São Bruno	741	Jardim São Bento	São Paulo	SP	02525-020	3
RA55000385	Idalete Farinha Monteiro Arouca	21	3019.87	1	2	5	2	9	Rua Major Baracca	906	Parque Edu Chaves	São Paulo	SP	02232-000	2
RA55000386	Gabrielen Mangueira	21	2506.87	1	2	5	2	4	Rua Flor de Abril	918	Jardim Peri	São Paulo	SP	02651-140	3
RA55000387	Lucinira Torrado	21	2938.87	1	2	5	1	5	Rua Caetano Mero	60	Vila Constança	São Paulo	SP	04658-080	3
RA55000388	Mairana Homem	21	3301.87	1	2	5	1	9	Rua Marconi	820	Centro	São Paulo	SP	01047-905	2
RA55000389	Fabineia Morais Guerra Gusmão	21	2633.87	1	2	5	1	6	Rua Dezenove de Julho	875	Jardim São José (Zona Norte)	São Paulo	SP	02971-040	2
RA55000390	Deide Barbalho Penha Ourique	21	2659.87	1	2	5	1	4	Rua Nossa Senhora da Piedade	327	Jardim Francisco Mendes	São Paulo	SP	02366-010	2
RA55000391	Leureni Freiria	21	2569.87	1	2	5	2	4	Rua Trio Arquiduque	434	Jardim São Bernardo	São Paulo	SP	04844-520	3
RA55000392	Kae Paulos Ulhoa	21	2550.87	1	1	5	1	9	Rua Diogo Barbosa	435	Vila Marari	São Paulo	SP	04403-210	3
RA55000393	Taina Vilar Cunha Leme	21	3650.86	1	2	5	2	6	Rua Major Boaventura	415	Parque Artur Alvim	São Paulo	SP	03569-030	2
RA55000394	Almirio Charneca Eanes	21	3492.86	1	1	5	1	6	Rua Almeida Leite	424	Siciliano	São Paulo	SP	05052-080	2
RA55000395	Nicea Zambujal Tomé	21	2590.87	1	2	5	2	9	Travessa Cinco de Janeiro	924	Jardim São Savério	São Paulo	SP	04194-345	2
RA55000396	Edico Estrela Castanheda Meneses	21	3205.87	1	1	5	2	8	Rua João Anes	464	Alto da Lapa	São Paulo	SP	05060-020	2
RA55000397	Jong Anes	21	3282.87	1	2	5	2	3	Rua Dez de Julho	594	Cidade Ademar	São Paulo	SP	04404-000	2
RA55000398	Jailde Aranha	21	2738.87	1	1	5	2	5	Rua Monsenhor Anacleto	13	Brás	São Paulo	SP	03003-020	3
RA55000399	Dimorvan Feira Salazar	21	3636.86	1	1	5	2	7	Rua Caetano Pinto	235	Brás	São Paulo	SP	03041-000	3
RA55000400	Edselma Lários Marcondes Quinterno	21	3384.87	2	2	5	2	5	Avenida Ceci	688	Planalto Paulista	São Paulo	SP	04065-004	2
RA55000401	Roberson Lisboa Zambujal	21	3557.86	2	1	5	1	1	Rua Major Walter Carlson	532	Jardim Arpoador	São Paulo	SP	05565-210	3
RA55000402	Josimar Neves Onofre Bento	21	3175.87	1	1	5	2	8	Travessa Dezoito de Dezembro	659	Vila Tolstoi	São Paulo	SP	03269-035	2
RA55000403	Valdita Viveiros Póvoas	21	3352.87	1	2	5	2	9	Avenida Nove de Julho	568	Jardim Paulista	São Paulo	SP	01407-907	2
RA55000404	Aurelino Lousada Lustosa Prado	23	2524.77	1	1	1	2	1	Avenida Rudge	293	Bom Retiro	São Paulo	SP	01134-000	2
RA55000405	Euflavia Noite	22	3168.31	1	2	4	2	9	Rua Marcos Lopes	456	Vila Nova Conceição	São Paulo	SP	04513-080	2
RA55000406	Experdito Craveiro Palmeira	22	3582.31	1	1	2	2	6	Rua Dom Rosalvo	343	Sumarezinho	São Paulo	SP	05442-903	3
RA55000407	Elisbete Nunes	23	3053.76	1	2	2	2	5	Rua Sete de Junho	453	União de Vila Nova	São Paulo	SP	08072-075	3
RA55000408	Mirivaldo Pedro	23	3342.76	2	1	5	2	1	Rua Pedro Lembi	593	Vila Maria Baixa	São Paulo	SP	02110-020	3
RA55000409	Liciene Morão Brasil	22	3457.31	1	2	5	2	4	Praça Capri	573	Jardim Leonor Mendes de Barros	São Paulo	SP	02347-040	3
RA55000410	Gabriell Azevedo	25	3624.65	1	1	4	2	9	Rua Rui Boto de Sousa	425	Jardim Aracati	São Paulo	SP	04949-020	3
RA55000411	Wellio Ponte	22	2703.32	1	1	3	2	7	Rua Nossa Senhora da Paz	485	Jardim Almeida	São Paulo	SP	04866-245	3
RA55000412	Orliete Inácio Carneiro Chamusca	23	3503.76	1	2	5	1	7	Praça da Sé	871	Sé	São Paulo	SP	01001-901	3
RA55000413	Lucileno Penteado	24	3289.21	1	1	2	2	2	Avenida Marechal Tito	689	Jardim Silva Teles	São Paulo	SP	08160-505	2
RA55000414	Glenilson Vinhas	22	3182.31	1	1	2	1	6	Rua Carapuruí	62	Alto da Lapa	São Paulo	SP	05059-050	3
RA55000415	Diel Calçada Baía	23	2556.77	1	1	5	2	5	Avenida Dezenove de Janeiro	320	Vila Carrão	São Paulo	SP	03449-000	2
RA55000416	Marconio Graça	22	2986.32	2	1	4	2	2	Travessa Dezoito de Dezembro	659	Vila Tolstoi	São Paulo	SP	03269-035	2
RA55000417	Lidovino Caneira Leitão	25	2996.66	1	1	5	1	2	Rua Caetano Augusto	468	Mooca	São Paulo	SP	03190-070	2
RA55000418	Licilene Bugalho	23	3558.76	1	2	5	1	1	Rua Marechal Silva Fonseca	104	Jardim Três Marias	São Paulo	SP	03676-030	2
RA55000419	Taise Fontinha Cardim	22	3274.31	1	2	4	2	1	Rua Nove de Julho	501	Santo Amaro	São Paulo	SP	04739-900	3
RA55000420	Geisson Vides Marques	25	3296.66	1	1	3	2	8	Avenida Nove de Julho	648	Jardim Paulista	São Paulo	SP	01407-905	2
RA55000421	Angelino Onofre Minho	24	2731.21	1	1	4	2	5	Rua Três de Maio	943	Vila Clementino	São Paulo	SP	04044-020	3
RA55000422	Poliano Brum Faria	24	2951.21	1	1	3	2	3	Rua Major Baracca	906	Parque Edu Chaves	São Paulo	SP	02232-000	2
RA55000423	Edmildo Modesto	24	2604.21	1	1	3	1	3	Avenida Agami	715	Moema	São Paulo	SP	04522-001	3
RA55000424	Rosilma Cavaco	22	3378.31	1	2	1	1	8	Rua Marechal Deodoro	273	Santo Amaro	São Paulo	SP	04738-900	2
RA55000425	Giova Parente	23	3320.76	1	1	4	2	6	Rua D	297	Jardim Mar Lune	São Paulo	SP	04874-190	3
RA55000426	Ronicleiton Neres Prado Meireles	25	5710.63	1	1	3	1	9	Rua Marechal Pimentel	204	Sacomã	São Paulo	SP	04248-100	2
RA55000427	Elielton Canela	24	5315.19	1	1	4	2	6	Rua Treze de Janeiro	374	Americanópolis	São Paulo	SP	04336-080	2
RA55000428	Leslen Roriz Igrejas Chainho	23	4522.75	1	2	1	2	1	Rua Flor de Abril	918	Jardim Peri	São Paulo	SP	02651-140	2
RA55000429	Isaides Rangel	25	5463.64	2	2	1	2	4	Rua Vandoma	788	Parque Cocaia	São Paulo	SP	04850-170	2
RA55000430	Nicilene Malafaia	22	5795.29	1	2	3	2	3	Rua Capitão Rangel	574	Vila São Geraldo	São Paulo	SP	03607-100	2
RA55000431	Dimi Fidalgo	25	4992.64	1	1	1	2	8	Rua Capitão Salomão	840	Centro	São Paulo	SP	01034-020	3
RA55000432	Uender Lourenço Veloso Catela	23	5784.74	1	2	2	2	6	Rua Capitão José Leite	759	Vila Matilde	São Paulo	SP	03510-010	2
RA55000433	Ordalina Mafra Carrilho Urias	22	5305.3	2	2	3	2	4	Rua Pedro Doll	676	Santana	São Paulo	SP	02404-001	2
RA55000434	Felisvaldo Júdice	24	3936.2	1	1	4	2	2	Rua Soneto de Agosto	641	Jardim Santa Lucrécia	São Paulo	SP	05185-430	2
RA55000435	Chaiani Camarinho Carvalheira Quinteiro	24	5745.19	1	2	5	1	3	Rua André de Almeida	565	Jardim Cinco de Julho	São Paulo	SP	03953-085	2
RA55000436	Rafick Dourado Inês Coimbra	23	6026.74	1	1	3	1	1	Rua Sete de Abril	787	Centro	São Paulo	SP	01044-902	3
RA55000437	Enzon Valério Lagos Franqueira	24	5549.19	1	1	2	2	5	Rua Quinze de Novembro	993	Centro	São Paulo	SP	01013-907	3
RA55000438	Arllen Valgueiro Dias	25	5986.63	1	2	3	1	5	Viela Vinte e Sete de Setembro	710	Cidade Nova Heliópolis	São Paulo	SP	04235-090	3
RA55000439	Weldja Feitosa	22	3752.31	1	2	4	2	5	Rua Soldado Aristides Gouveia	76	Parque Novo Mundo	São Paulo	SP	02188-090	2
RA55000440	Taniara Barroqueiro Boga	25	5938.63	1	2	5	2	9	Rua Dom Valentim	536	Jardim Colombo	São Paulo	SP	05629-040	2
RA55000441	Ozenilde Chousa	24	3813.2	1	2	4	1	4	Rua Soldado Gentil Guimarães	750	Parque Novo Mundo	São Paulo	SP	02144-010	3
RA55000442	Tatiele Ponte Cambezes	22	5914.29	2	2	4	1	9	Rua Marino Pinto	894	Jardim Palmares (Zona Sul)	São Paulo	SP	04457-090	3
RA55000443	Dieliton Sardinha Bingre Brião	25	4672.64	1	1	1	1	2	Rua Vinte e Seis de Abril	307	Vila Esperança	São Paulo	SP	03651-020	3
RA55000444	Wildison Canejo Assunção Canto	23	3811.76	1	1	3	2	4	Rua Joaquim Caetano	994	Cidade Nova América	São Paulo	SP	04897-525	3
RA55000445	Maluza Robalinho Baião	23	4799.75	2	2	3	2	3	Rua N	349	Jardim Brasília (Zona Norte)	São Paulo	SP	02857-065	3
RA55000446	Felismina Castelhano Dourado	22	5041.3	1	2	5	2	1	Rua Monsenhor Salim	959	Itaim Paulista	São Paulo	SP	08111-180	2
RA55000447	Dogomar Sítima Nazário	22	5023.3	2	1	5	2	3	Rua 5 de Outubro	841	Chácara Gaivotas	São Paulo	SP	04849-309	2
RA55000448	Eliane Brás Carvalhais Guedelha	24	5405.19	1	2	1	2	9	Rua João Canzi	697	Jardim Patente	São Paulo	SP	04243-090	2
RA55000449	Arineuza Espargosa	25	4687.64	1	2	5	1	8	Rua Capitão Prudente	202	Pinheiros	São Paulo	SP	05422-050	3
RA55000450	Josineire Lameirinhas	25	4730.64	2	2	5	1	6	Praça Caipé	376	Vila Califórnia	São Paulo	SP	03213-010	2
RA55000451	Glauber Cipriano Anes Godoi	23	3813.76	1	1	5	2	2	Rua Vinte e Oito de Setembro	136	Vila Dom Pedro I	São Paulo	SP	04267-000	1
RA55000452	Djanildo Canedo Quintão	25	5194.64	1	1	5	2	6	Praça Alves Barbosa	878	Vila Bonilha	São Paulo	SP	02935-140	0
RA55000453	Valdir Álvares Goulart	23	3742.76	1	1	3	2	1	Rua Major Ari Gomes	118	Vila Mazzei	São Paulo	SP	02309-050	0
RA55000454	Sidevaldo Olivares Amarante	25	5099.64	1	1	5	2	1	Praça Caipé	376	Vila Califórnia	São Paulo	SP	03213-010	1
RA55000455	Cleuzinete Arantes	25	4470.65	1	2	1	2	2	Rua N	126	Furnas	São Paulo	SP	02323-280	0
RA55000456	Geise Malafaia	24	3998.2	1	2	2	2	1	Rua Rosa de Nossa Senhora	913	Vila Reis	São Paulo	SP	08040-400	1
RA55000457	Bruci Ventura	22	4825.3	1	1	5	2	2	Rua Almeida Góis	195	Vila Gumercindo	São Paulo	SP	04131-040	0
RA55000458	Dislaine Bogado Alcântara Poças	23	3974.76	1	2	1	1	1	Praça Três de Setembro	892	Vila Alpina	São Paulo	SP	03207-060	1
RA55000459	Nairon Inácio Zambujal Canário	23	4736.75	2	1	5	2	4	Rua Almeida Araújo	681	Jardim Santa Etelvina	São Paulo	SP	08470-815	0
RA55000460	Niele Padilha	23	6008.74	1	2	3	2	8	Rua Ilha Maiorca	682	Jardim Guarujá	São Paulo	SP	05877-250	1
RA55000461	Shigueo Castanheira Lopes Belo	23	6051.74	1	1	1	2	6	Rua Onofre Pinto	15	Jardim Lajeado	São Paulo	SP	08441-211	1
RA55000462	Rariana Hipólito Gameiro	25	3721.65	1	2	1	2	9	Rua Major João Nunes	800	Jardim São Paulo(Zona Norte)	São Paulo	SP	02046-070	0
RA55000463	Eugenio Madruga Bragança	24	3942.2	1	1	4	1	6	Praça São Marcos	834	Vila Ida	São Paulo	SP	05455-050	0
RA55000464	Yorrana Matosinhos Campelo Soeiro	22	4839.3	1	2	4	2	4	Praça Kant	199	Jardim Vila Mariana	São Paulo	SP	04116-230	1
RA55000465	Julinaldo Silva Aquino Grande	24	6023.18	1	1	2	1	2	Rua São Luís	207	Vila Cosmopolita	São Paulo	SP	08421-030	1
RA55000466	Joselma Chamusca Ferreira Meira	23	6014.74	1	2	4	2	7	Avenida Marechal Tito	891	Jardim Silva Teles	São Paulo	SP	08160-495	1
RA55000467	Degazito Baião	22	4473.3	1	1	5	2	5	Avenida Nove de Julho	506	Jardim Paulista	São Paulo	SP	01406-901	0
RA55000468	Naimi Bingre	22	3910.31	1	2	3	2	7	Avenida Iraí	894	Indianópolis	São Paulo	SP	04082-907	1
RA55000469	Reinado Varejão Guerra Maior	45	5635.58	1	1	4	1	2	Avenida Onze de Junho	571	Vila Clementino	São Paulo	SP	04041-002	1
RA55000470	Erino Sá Sesimbra Taborda	33	3785.23	1	1	2	1	8	Travessa Cinco de Janeiro	924	Jardim São Savério	São Paulo	SP	04194-345	0
RA55000471	Elissandro Mamouros Camargo	31	3905.78	2	1	2	2	5	Rua Ruiva	987	Brasilândia	São Paulo	SP	02844-110	0
RA55000472	Ueder Cabeça De Vaca Hilário Carvalheiro	42	4888.24	1	1	1	2	2	Rua São Marun	19	Chácara Itaim	São Paulo	SP	04543-017	1
RA55000473	Adroaldo Portugal Félix Couceiro	33	3785.23	1	1	2	1	2	Avenida Onze de Junho	571	Vila Clementino	São Paulo	SP	04041-002	1
RA55000474	Aman Valcanaia	28	7932.96	1	1	1	2	1	Rua H	161	Jardim Mar Lune	São Paulo	SP	04874-120	0
RA55000475	Netali Murtinho	50	9574.78	2	2	3	2	5	Rua Caetano Pinto	235	Brás	São Paulo	SP	03041-000	0
RA55000476	Rosauro Minho Santiago Figueiró	31	9152.74	1	1	3	2	6	Praça Rei	355	Vila Santa Cruz	São Paulo	SP	05220-020	1
RA55000477	Iane Hilário Camilo	38	11104.4	1	2	4	1	5	Rua Marechal Malet	170	Parque da Vila Prudente	São Paulo	SP	03140-020	1
RA55000478	Balbino Rua Carreira	50	8820.79	1	1	2	2	4	Praça Marechal Deodoro	187	Santa Cecília	São Paulo	SP	01150-010	1
RA55000479	Magnilson Freire	28	6859.97	1	1	2	1	3	Rua Monsenhor Salim	959	Itaim Paulista	São Paulo	SP	08111-180	1
RA55000480	Gislaina Couto Quaresma Dantas	38	7272.44	2	2	4	1	2	Rua Rio Maruí	679	Itaquera	São Paulo	SP	08215-640	1
RA55000481	Erivaneide Viana	46	9709.99	1	2	1	2	6	Rua Vinte e Seis de Abril	307	Vila Esperança	São Paulo	SP	03651-020	1
RA55000482	Osmani Bulhões	36	6854.54	1	1	2	2	4	Rua Pedro Lembi	593	Vila Maria Baixa	São Paulo	SP	02110-020	1
RA55000483	Marleno Pinheiro Afonso Cerqueira	28	11683.93	1	1	5	1	6	Praça Rui Corá	586	Vila Matilde	São Paulo	SP	03517-035	0
RA55000484	Geniplo Madruga Aranha	46	6688.02	1	1	4	2	8	Rua Major João Nunes	800	Jardim São Paulo(Zona Norte)	São Paulo	SP	02046-070	0
RA55000485	Evelise Sodré Cirne Borba	45	6434.57	1	2	1	2	9	Rua Marechal Marques Porto	22	Jardim Caguassu	São Paulo	SP	03906-020	0
RA55000486	Micaele Paiva Franca Faria	36	12089.5	1	2	2	2	6	Avenida Marechal Tito	891	Jardim Silva Teles	São Paulo	SP	08160-495	0
RA55000487	Evaldecir Veleda Conde Magalhães	42	7159.23	1	1	1	2	9	Rua Vinte e Dois de Abril	329	Lajeado	São Paulo	SP	08450-420	1
RA55000488	Jeinifer Junqueira Nobre	49	8326.35	1	2	2	2	6	Rua São Marcos	547	Chácara Gaivotas	São Paulo	SP	04849-314	0
RA55000489	Ulises Lameirinhas	38	8246.43	2	1	2	1	9	Rua Aracy de Almeida	997	Jardim Indaiá	São Paulo	SP	08143-010	0
RA55000490	Adam Prudente	29	6177.42	1	1	1	1	8	Rua Pedro Lembi	593	Vila Maria Baixa	São Paulo	SP	02110-020	1
RA55000491	Irlen Paulos Pescada	45	10949.53	1	2	5	2	9	Avenida Valle	752	Parque Paulistano	São Paulo	SP	08081-070	0
RA55000492	Elizabeth Jamandas Lessa Tristão	36	13499.49	1	2	1	2	9	Rua Pedro Barbosa	194	Jardim Marília	São Paulo	SP	03579-130	0
RA55000493	Heidi Castro	40	12437.29	1	2	3	2	4	Rua São João	461	Cidade de Deus	São Paulo	SP	08081-655	1
RA55000494	Betuel Chaves Letras	36	17680.45	1	1	5	2	8	Rua Rainha-do-Bosque	864	Vila Santa Inês	São Paulo	SP	03812-030	0
RA55000495	Issao Palha Pescada	30	13753.8	2	1	5	2	2	Rua Marechal Deodoro	565	Santo Amaro	São Paulo	SP	04738-900	0
RA55000496	Emanuelly Negromonte	46	15074.95	2	2	1	2	9	Rua Sargento Agostinho Ferreira	927	Vila Maria	São Paulo	SP	02129-001	0
RA55000497	Macalister Ruas Paredes Sintra	38	701726.52	1	1	3	2	8	Rua Marechal Silva Fonseca	104	Jardim Três Marias	São Paulo	SP	03676-030	0
RA55000498	Leviston Vilaverde Borba	37	945542.0	1	1	3	2	1	Rua Treze de Maio	267	Bela Vista	São Paulo	SP	01327-905	0
RA55000499	Gerlani Albernaz Garcez	29	606764.31	1	2	2	2	5	Rua Sete de Abril	787	Centro	São Paulo	SP	01044-902	1
RA55000500	Nildivan Boga Carvalhoso Carmona	41	730311.62	1	1	1	2	8	Rua João Paulo	132	Piqueri	São Paulo	SP	02913-080	1
